a_key	a_boolean	a_integer	b_key	b_boolean	b_integer
0	false	-308012392	0	false	-1165479734
0	false	-308012392	1	false	898138
0	false	-308012392	2	true	1614672254
0	false	-308012392	3	true	-758820071
0	false	-308012392	4	true	1839720127
0	false	-308012392	5	false	662202506
0	false	-308012392	6	false	334625588
0	false	-308012392	7	true	-1657160072
0	false	-308012392	8	false	1790545316
0	false	-308012392	9	false	1828949751
1	false	1303673605	0	false	-1165479734
1	false	1303673605	1	false	898138
1	false	1303673605	2	true	1614672254
1	false	1303673605	3	true	-758820071
1	false	1303673605	4	true	1839720127
1	false	1303673605	5	false	662202506
1	false	1303673605	6	false	334625588
1	false	1303673605	7	true	-1657160072
1	false	1303673605	8	false	1790545316
1	false	1303673605	9	false	1828949751
2	false	273053536	0	false	-1165479734
2	false	273053536	1	false	898138
2	false	273053536	2	true	1614672254
2	false	273053536	3	true	-758820071
2	false	273053536	4	true	1839720127
2	false	273053536	5	false	662202506
2	false	273053536	6	false	334625588
2	false	273053536	7	true	-1657160072
2	false	273053536	8	false	1790545316
2	false	273053536	9	false	1828949751
3	false	280019598	0	false	-1165479734
3	false	280019598	1	false	898138
3	false	280019598	2	true	1614672254
3	false	280019598	3	true	-758820071
3	false	280019598	4	true	1839720127
3	false	280019598	5	false	662202506
3	false	280019598	6	false	334625588
3	false	280019598	7	true	-1657160072
3	false	280019598	8	false	1790545316
3	false	280019598	9	false	1828949751
4	true	1840131144	0	false	-1165479734
4	true	1840131144	1	false	898138
4	true	1840131144	2	true	1614672254
4	true	1840131144	3	true	-758820071
4	true	1840131144	4	true	1839720127
4	true	1840131144	5	false	662202506
4	true	1840131144	6	false	334625588
4	true	1840131144	7	true	-1657160072
4	true	1840131144	8	false	1790545316
4	true	1840131144	9	false	1828949751
5	true	1580780936	0	false	-1165479734
5	true	1580780936	1	false	898138
5	true	1580780936	2	true	1614672254
5	true	1580780936	3	true	-758820071
5	true	1580780936	4	true	1839720127
5	true	1580780936	5	false	662202506
5	true	1580780936	6	false	334625588
5	true	1580780936	7	true	-1657160072
5	true	1580780936	8	false	1790545316
5	true	1580780936	9	false	1828949751
6	false	-775941669	0	false	-1165479734
6	false	-775941669	1	false	898138
6	false	-775941669	2	true	1614672254
6	false	-775941669	3	true	-758820071
6	false	-775941669	4	true	1839720127
6	false	-775941669	5	false	662202506
6	false	-775941669	6	false	334625588
6	false	-775941669	7	true	-1657160072
6	false	-775941669	8	false	1790545316
6	false	-775941669	9	false	1828949751
7	true	-403478895	0	false	-1165479734
7	true	-403478895	1	false	898138
7	true	-403478895	2	true	1614672254
7	true	-403478895	3	true	-758820071
7	true	-403478895	4	true	1839720127
7	true	-403478895	5	false	662202506
7	true	-403478895	6	false	334625588
7	true	-403478895	7	true	-1657160072
7	true	-403478895	8	false	1790545316
7	true	-403478895	9	false	1828949751
8	true	1460524211	0	false	-1165479734
8	true	1460524211	1	false	898138
8	true	1460524211	2	true	1614672254
8	true	1460524211	3	true	-758820071
8	true	1460524211	4	true	1839720127
8	true	1460524211	5	false	662202506
8	true	1460524211	6	false	334625588
8	true	1460524211	7	true	-1657160072
8	true	1460524211	8	false	1790545316
8	true	1460524211	9	false	1828949751
9	true	-226194278	0	false	-1165479734
9	true	-226194278	1	false	898138
9	true	-226194278	2	true	1614672254
9	true	-226194278	3	true	-758820071
9	true	-226194278	4	true	1839720127
9	true	-226194278	5	false	662202506
9	true	-226194278	6	false	334625588
9	true	-226194278	7	true	-1657160072
9	true	-226194278	8	false	1790545316
9	true	-226194278	9	false	1828949751
